,triggers,riboregulator_sequences,dfull_sensor,dactive_sensor,dbinding_site,dG_RBS_linker (kcal/mol),ddG_binding (kcal/mol),dG_target_binding (kcal/mol),dG_homolog_binding (kcal/mol),K_target/K_homolog,score
16,GAGUGUGUGUGAGCGGGA,CUGCAUCCGCCUCUCCUUCCCGCUCACACACACUCAGGAGAGAAAAAUGCAGACCUGGCGGCAGCGCAAGAAG,0.1276,0.26,0.01994,-4.2,-19.581000000000003,-57.981,-33.381,2.20577653629733e+17,31.934435999999994
18,GUGUGUGUGAGCGGGAUG,CUGCAUCCGCCUCUCCUCAUCCCGCUCACACACACAGGAGAGAAAAAUGCAGACCUGGCGGCAGCGCAAGAAG,0.1279,0.26,0.02173,-4.2,-19.681000000000004,-58.081,-33.381,2.5945604593099318e+17,31.872471999999995
10,GAGAGCGAGUGUGUGUGA,CUGCAUCCGCCUCUCCUUCACACACACUCGCUCUCAGGAGAGAAAAAUGCAGACCUGGCGGCAGCGCAAGAAG,0.132,0.26,0.01713,-4.2,-21.181000000000004,-59.581,-33.381,2.9620885256287524e+18,31.682462
11,AGAGCGAGUGUGUGUGAG,CUGCAUCCGCCUCUCCUCUCACACACACUCGCUCUAGGAGAGAAAAAUGCAGACCUGGCGGCAGCGCAAGAAG,0.1338,0.26,0.01725,-4.2,-18.581000000000003,-56.881,-33.281,4.350495130966782e+16,31.55069
17,AGUGUGUGUGAGCGGGAU,CUGCAUCCGCCUCUCCUAUCCCGCUCACACACACUAGGAGAGAAAAAUGCAGACCUGGCGGCAGCGCAAGAAG,0.1467,0.26,0.02021,-4.2,-18.581000000000003,-58.381,-34.781,4.35049513096675e+16,30.558864000000003
9,CGAGAGCGAGUGUGUGUG,CUGCAUCCGCCUCUCCUCACACACACUCGCUCUCGAGGAGAGAAAAAUGCAGACCUGGCGGCAGCGCAAGAAG,0.1509,0.26,0.02566,-4.2,-20.781,-62.981,-37.181,1.547351226553071e+18,30.134553999999998
15,CGAGUGUGUGUGAGCGGG,CUGCAUCCGCCUCUCCUCCCGCUCACACACACUCGAGGAGAGAAAAAUGCAGACCUGGCGGCAGCGCAAGAAG,0.1527,0.26,0.0281,-4.2,-16.881,-58.181,-36.281,2754227962699902.0,29.950349999999997
8,GCGAGAGCGAGUGUGUGU,CUGCAUCCGCCUCUCCUACACACACUCGCUCUCGCAGGAGAGAAAAAUGCAGACCUGGCGGCAGCGCAAGAAG,0.1519,0.26,0.1377,-4.2,-20.480999999999995,-59.681,-34.181,9.507844183275963e+17,27.530749999999998
14,GCGAGUGUGUGUGAGCGG,CUGCAUCCGCCUCUCCUCCGCUCACACACACUCGCAGGAGAGAAAAAUGCAGACCUGGCGGCAGCGCAAGAAG,0.1756,0.26,0.09286,-4.2,-17.081000000000003,-57.081,-34.981,3810697265649996.5,26.844844000000002
38,GAUCGAUCUAAACGUUUA,CUGCAUCCGCCUCUCCUUAAACGUUUAGAUCGAUCAGGAGAGAAAAAUGCAGACCUGGCGGCAGCGCAAGAAG,0.1686,0.26,0.1333,-4.2,-12.381,-50.781,-33.381,1850960570730.4072,26.4328
37,UGAUCGAUCUAAACGUUU,CUGCAUCCGCCUCUCCUAAACGUUUAGAUCGAUCAAGGAGAGAAAAAUGCAGACCUGGCGGCAGCGCAAGAAG,0.1599,0.26,0.1702,-4.2,-12.281000000000006,-51.081,-33.781,1573601949370.0603,26.22265
12,GAGCGAGUGUGUGUGAGC,CUGCAUCCGCCUCUCCUGCUCACACACACUCGCUCAGGAGAGAAAAAUGCAGACCUGGCGGCAGCGCAAGAAG,0.1699,0.26,0.1594,-4.2,-21.481,-61.781,-35.281,4.820642014046068e+18,25.74973
36,CUGAUCGAUCUAAACGUU,CUGCAUCCGCCUCUCCUAACGUUUAGAUCGAUCAGAGGAGAGAAAAAUGCAGACCUGGCGGCAGCGCAAGAAG,0.1733,0.26,0.1671,-4.2,-9.580999999999996,-49.281,-34.681,19648674377.45703,25.33193
13,AGCGAGUGUGUGUGAGCG,CUGCAUCCGCCUCUCCUCGCUCACACACACUCGCUAGGAGAGAAAAAUGCAGACCUGGCGGCAGCGCAAGAAG,0.1764,0.26,0.1777,-4.2,-15.881,-58.181,-37.281,543221633929069.8,24.870099999999997
35,GCUGAUCGAUCUAAACGU,CUGCAUCCGCCUCUCCUACGUUUAGAUCGAUCAGCAGGAGAGAAAAAUGCAGACCUGGCGGCAGCGCAAGAAG,0.1976,0.26,0.1842,-4.2,-13.581000000000003,-53.681,-35.081,12984479897627.129,23.203159999999997
7,CGCGAGAGCGAGUGUGUG,CUGCAUCCGCCUCUCCUCACACACUCGCUCUCGCGAGGAGAGAAAAAUGCAGACCUGGCGGCAGCGCAAGAAG,0.1714,0.26,0.277,-4.2,-20.680999999999997,-62.881,-37.181,1.3154871826919716e+18,22.984419999999997
32,GAUGCUGAUCGAUCUAAA,CUGCAUCCGCCUCUCCUUUUAGAUCGAUCAGCAUCAGGAGAGAAAAAUGCAGACCUGGCGGCAGCGCAAGAAG,0.1984,0.26,0.1948,-4.2,-12.281000000000006,-51.081,-33.781,1573601949370.0603,22.90624
29,CGGGAUGCUGAUCGAUCU,CUGCAUCCGCCUCUCCUAGAUCGAUCAGCAUCCCGAGGAGAGAAAAAUGCAGACCUGGCGGCAGCGCAAGAAG,0.1999,0.26,0.2696,-4.2,-16.281,-56.281,-34.981,1039887092938158.0,21.108209999999996
20,GUGUGUGAGCGGGAUGCU,CUGCAUCCGCCUCUCCUAGCAUCCCGCUCACACACAGGAGAGAAAAAUGCAGACCUGGCGGCAGCGCAAGAAG,0.2034,0.26,0.2927,-4.2,-17.980999999999995,-59.181,-36.181,1.6425741789898308e+16,20.335199999999993
27,AGCGGGAUGCUGAUCGAU,CUGCAUCCGCCUCUCCUAUCGAUCAGCAUCCCGCUAGGAGAGAAAAAUGCAGACCUGGCGGCAGCGCAAGAAG,0.2035,0.26,0.3004,-4.2,-12.780999999999999,-54.781,-36.981,3543286730166.032,20.15401
21,UGUGUGAGCGGGAUGCUG,CUGCAUCCGCCUCUCCUCAGCAUCCCGCUCACACAAGGAGAGAAAAAUGCAGACCUGGCGGCAGCGCAAGAAG,0.2064,0.26,0.3045,-4.2,-17.081000000000003,-58.081,-35.981,3810697265649969.5,19.85342
31,GGAUGCUGAUCGAUCUAA,CUGCAUCCGCCUCUCCUUUAGAUCGAUCAGCAUCCAGGAGAGAAAAAUGCAGACCUGGCGGCAGCGCAAGAAG,0.2177,0.26,0.2691,-4.2,-13.381,-53.381,-34.981,9384691336549.832,19.843249999999998
28,GCGGGAUGCUGAUCGAUC,CUGCAUCCGCCUCUCCUGAUCGAUCAGCAUCCCGCAGGAGAGAAAAAUGCAGACCUGGCGGCAGCGCAAGAAG,0.2146,0.26,0.2882,-4.2,-12.881,-55.781,-37.881,4167816410595.435,19.63386
30,GGGAUGCUGAUCGAUCUA,CUGCAUCCGCCUCUCCUUAGAUCGAUCAGCAUCCCAGGAGAGAAAAAUGCAGACCUGGCGGCAGCGCAAGAAG,0.2206,0.26,0.2699,-4.2,-13.681000000000004,-54.281,-35.581,15273087537525.201,19.61724
26,GAGCGGGAUGCUGAUCGA,CUGCAUCCGCCUCUCCUUCGAUCAGCAUCCCGCUCAGGAGAGAAAAAUGCAGACCUGGCGGCAGCGCAAGAAG,0.2134,0.26,0.305,-4.2,-15.780999999999999,-56.781,-35.981,461822167153707.44,19.340219999999995
34,UGCUGAUCGAUCUAAACG,CUGCAUCCGCCUCUCCUCGUUUAGAUCGAUCAGCAAGGAGAGAAAAAUGCAGACCUGGCGGCAGCGCAAGAAG,0.2239,0.26,0.3008,-4.2,-8.780999999999999,-50.281,-36.481,5361854131.69455,18.682290000000002
22,GUGUGAGCGGGAUGCUGA,CUGCAUCCGCCUCUCCUUCAGCAUCCCGCUCACACAGGAGAGAAAAAUGCAGACCUGGCGGCAGCGCAAGAAG,0.2225,0.26,0.3321,-4.2,-15.581000000000003,-57.681,-37.081,333787608382075.56,18.075290000000003
23,UGUGAGCGGGAUGCUGAU,CUGCAUCCGCCUCUCCUAUCAGCAUCCCGCUCACAAGGAGAGAAAAAUGCAGACCUGGCGGCAGCGCAAGAAG,0.2203,0.26,0.3442,-4.2,-11.680999999999997,-53.881,-37.181,594129599558.7026,17.95957
33,AUGCUGAUCGAUCUAAAC,CUGCAUCCGCCUCUCCUGUUUAGAUCGAUCAGCAUAGGAGAGAAAAAUGCAGACCUGGCGGCAGCGCAAGAAG,0.2443,0.26,0.2729,-4.2,-9.181000000000004,-51.281,-37.081,10264176824.913303,17.850149999999996
25,UGAGCGGGAUGCUGAUCG,CUGCAUCCGCCUCUCCUCGAUCAGCAUCCCGCUCAAGGAGAGAAAAAUGCAGACCUGGCGGCAGCGCAAGAAG,0.2259,0.26,0.3359,-4.2,-14.780999999999999,-57.481,-37.681,91086066811979.14,17.745630000000002
24,GUGAGCGGGAUGCUGAUC,CUGCAUCCGCCUCUCCUGAUCAGCAUCCCGCUCACAGGAGAGAAAAAUGCAGACCUGGCGGCAGCGCAAGAAG,0.2489,0.26,0.3496,-4.2,-11.681000000000004,-57.281,-40.581,594129599558.6984,15.786909999999995
6,UCGCGAGAGCGAGUGUGU,CUGCAUCCGCCUCUCCUACACACUCGCUCUCGCGAAGGAGAGAAAAAUGCAGACCUGGCGGCAGCGCAAGAAG,0.231,0.26,0.4263,-4.2,-23.480999999999995,-66.481,-39.981,4.820642014046103e+18,15.336919999999992
5,UUCGCGAGAGCGAGUGUG,CUGCAUCCGCCUCUCCUCACACUCGCUCUCGCGAAAGGAGAGAAAAAUGCAGACCUGGCGGCAGCGCAAGAAG,0.2327,0.26,0.4387,-4.2,-17.48100000000001,-60.581,-38.081,7294803178184197.0,14.93479
4,CUUCGCGAGAGCGAGUGU,CUGCAUCCGCCUCUCCUACACUCGCUCUCGCGAAGAGGAGAGAAAAAUGCAGACCUGGCGGCAGCGCAAGAAG,0.2336,0.26,0.4424,-4.2,-14.181000000000004,-59.081,-39.881,34390481291690.273,14.786639999999993
2,UCCUUCGCGAGAGCGAGU,CUGCAUCCGCCUCUCCUACUCGCUCUCGCGAAGGAAGGAGAGAAAAAUGCAGACCUGGCGGCAGCGCAAGAAG,0.256,0.26,0.4627,-4.2,-12.381000000000007,-56.481,-39.081,1850960570730.394,12.721780000000003
3,CCUUCGCGAGAGCGAGUG,CUGCAUCCGCCUCUCCUCACUCGCUCUCGCGAAGGAGGAGAGAAAAAUGCAGACCUGGCGGCAGCGCAAGAAG,0.2597,0.26,0.4649,-4.2,-10.181000000000004,-59.281,-44.081,52041157898.663895,12.406769999999995
1,AUCCUUCGCGAGAGCGAG,CUGCAUCCGCCUCUCCUCUCGCUCUCGCGAAGGAUAGGAGAGAAAAAUGCAGACCUGGCGGCAGCGCAAGAAG,0.3247,0.26,0.4506,-4.2,-12.281000000000006,-55.381,-39.781,99622189213.92267,8.069449999999996
19,UGUGUGUGAGCGGGAUGC,CUGCAUCCGCCUCUCCUGCAUCCCGCUCACACACAAGGAGAGAAAAAUGCAGACCUGGCGGCAGCGCAAGAAG,0.5186,0.26,0.2153,-4.2,-17.980999999999995,-57.681,-34.581,1.932089650134918e+16,-0.5154000000000005
0,GAUCCUUCGCGAGAGCGA,CUGCAUCCGCCUCUCCUUCGCUCUCGCGAAGGAUCAGGAGAGAAAAAUGCAGACCUGGCGGCAGCGCAAGAAG,0.4946,0.26,0.4377,-4.2,-11.780999999999999,-55.481,-42.281,2024423170.949376,-3.820840000000004
